{
  "__type__": "cc.Skeleton",
  "_name": "Skin-2",
  "_objFlags": 0,
  "__editorExtras__": {},
  "_native": "",
  "_joints": [
    "bone_root/bone_pelvis/bone_spine/bone_spine1/Point001/bone_rooster_man_umbrella_guanbi"
  ],
  "_bindposes": [
    {
      "__type__": "cc.Mat4",
      "m00": 0.9995851516723633,
      "m01": -0.02880270406603813,
      "m02": 9.05781405435846e-9,
      "m03": 0,
      "m04": 9.313225746154785e-10,
      "m05": -2.821568045874301e-7,
      "m06": -1,
      "m07": 0,
      "m08": 0.02880270406603813,
      "m09": 0.9995851516723633,
      "m10": -2.8201290547258395e-7,
      "m11": 0,
      "m12": -0.20906183123588562,
      "m13": -0.0032492117024958134,
      "m14": 0.00038516116910614073,
      "m15": 1
    }
  ],
  "_hash": 3586338488
}