{
  "__type__": "cc.Skeleton",
  "_name": "Skin-0",
  "_objFlags": 0,
  "__editorExtras__": {},
  "_native": "",
  "_joints": [
    "bone_root/bone_pelvis/bone_spine/bone_spine1/bone_neck/bone_head/bone_glass_3",
    "bone_root/bone_pelvis/bone_spine/bone_spine1/bone_neck/bone_head/bone_glass_1",
    "bone_root/bone_pelvis/bone_spine/bone_spine1/bone_neck/bone_head/bone_ head_zhuandong",
    "bone_root/bone_pelvis/bone_spine/bone_spine1/bone_neck/bone_head/bone_glass_3/bone_glass_4",
    "bone_root/bone_pelvis/bone_spine/bone_spine1/bone_neck/bone_head/bone_glass_1/bone_glass_2"
  ],
  "_bindposes": [
    {
      "__type__": "cc.Mat4",
      "m00": 0.4681698977947235,
      "m01": -0.08204750716686249,
      "m02": -0.8798210620880127,
      "m03": 0,
      "m04": -0.8031873106956482,
      "m05": -0.4546065926551819,
      "m06": -0.3849973976612091,
      "m07": 0,
      "m08": -0.36838430166244507,
      "m09": 0.8869055509567261,
      "m10": -0.2787325978279114,
      "m11": 0,
      "m12": 0.374397873878479,
      "m13": 0.37394407391548157,
      "m14": 0.17662039399147034,
      "m15": 1
    },
    {
      "__type__": "cc.Mat4",
      "m00": -0.46817004680633545,
      "m01": -0.08204798400402069,
      "m02": 0.8798210620880127,
      "m03": 0,
      "m04": -0.8031874299049377,
      "m05": 0.4546065926551819,
      "m06": -0.3849973678588867,
      "m07": 0,
      "m08": -0.36838415265083313,
      "m09": -0.8869054317474365,
      "m10": -0.2787330746650696,
      "m11": 0,
      "m12": 0.37439972162246704,
      "m13": -0.3739438056945801,
      "m14": 0.17661702632904053,
      "m15": 1
    },
    {
      "__type__": "cc.Mat4",
      "m00": -1.3988815794618858e-7,
      "m01": -0.000001231492547049129,
      "m02": 1,
      "m03": 0,
      "m04": 0.9971639513969421,
      "m05": 0.07525777071714401,
      "m06": 2.3217087630200695e-7,
      "m07": 0,
      "m08": -0.07525776326656342,
      "m09": 0.9971640110015869,
      "m10": 0.0000012174725725344615,
      "m11": 0,
      "m12": -0.44831836223602295,
      "m13": -0.051258910447359085,
      "m14": -1.6472750985485618e-7,
      "m15": 1
    },
    {
      "__type__": "cc.Mat4",
      "m00": 0.349596232175827,
      "m01": 0.32202067971229553,
      "m02": -0.8798211216926575,
      "m03": 0,
      "m04": -0.12686483561992645,
      "m05": -0.9141567945480347,
      "m06": -0.38499730825424194,
      "m07": 0,
      "m08": -0.9282715320587158,
      "m09": 0.246211975812912,
      "m10": -0.2787325978279114,
      "m11": 0,
      "m12": -0.0888296365737915,
      "m13": 0.4993796944618225,
      "m14": 0.17662036418914795,
      "m15": 1
    },
    {
      "__type__": "cc.Mat4",
      "m00": -0.3495962917804718,
      "m01": 0.3220207691192627,
      "m02": 0.8798211216926575,
      "m03": 0,
      "m04": -0.12686499953269958,
      "m05": 0.9141567945480347,
      "m06": -0.3849974274635315,
      "m07": 0,
      "m08": -0.9282716512680054,
      "m09": -0.2462121695280075,
      "m10": -0.2787325382232666,
      "m11": 0,
      "m12": -0.08882833272218704,
      "m13": -0.4993809759616852,
      "m14": 0.17661714553833008,
      "m15": 1
    }
  ],
  "_hash": 3281689399
}